Date and Time,GPU Utilization (%),Memory Utilization (%),Total GPU Memory (MiB),Free GPU Memory (MiB),% Used GPU Memory,Power Draw (W),GPU Temperature (C),Total RAM,% Used RAM,Free RAM,Cached RAM,Buffered RAM
2/28/2024 18:05,0%,0%,6144 MiB,6065 MiB,6 MiB,4.18 W,52 C,31.2207 GB,3.8877 GB,10.2314 GB,17.1006 GB,26.1797 GB
2/28/2024 18:05,0%,0%,6144 MiB,5989 MiB,82 MiB,24.16 W,53 C,31.2207 GB,4.07422 GB,10.0332 GB,17.1133 GB,25.9805 GB
2/28/2024 18:05,1%,0%,6144 MiB,4611 MiB,1460 MiB,25.91 W,54 C,31.2207 GB,4.0918 GB,8.63965 GB,18.4893 GB,24.5898 GB
2/28/2024 18:05,33%,8%,6144 MiB,3971 MiB,2100 MiB,25.93 W,54 C,31.2207 GB,4.10645 GB,6.92871 GB,20.1846 GB,22.8838 GB
2/28/2024 18:05,0%,0%,6144 MiB,4613 MiB,1458 MiB,24.30 W,54 C,31.2207 GB,4.08496 GB,8.93164 GB,18.2031 GB,24.8818 GB
2/28/2024 18:05,0%,0%,6144 MiB,2175 MiB,3896 MiB,24.29 W,54 C,31.2207 GB,4.1084 GB,6.88672 GB,20.2246 GB,22.8408 GB
2/28/2024 18:05,55%,10%,6144 MiB,1801 MiB,4270 MiB,59.43 W,56 C,31.2207 GB,4.15332 GB,6.82129 GB,20.2451 GB,22.7764 GB
2/28/2024 18:05,33%,6%,6144 MiB,1801 MiB,4270 MiB,38.37 W,56 C,31.2207 GB,4.14746 GB,6.82715 GB,20.2451 GB,22.7822 GB
2/28/2024 18:05,84%,16%,6144 MiB,1801 MiB,4270 MiB,57.02 W,57 C,31.2207 GB,4.15527 GB,6.81934 GB,20.2451 GB,22.7744 GB
2/28/2024 18:05,57%,12%,6144 MiB,1801 MiB,4270 MiB,52.61 W,58 C,31.2207 GB,4.15234 GB,6.82227 GB,20.2451 GB,22.7773 GB
2/28/2024 18:05,52%,9%,6144 MiB,1801 MiB,4270 MiB,53.33 W,59 C,31.2207 GB,4.1377 GB,6.83691 GB,20.2451 GB,22.792 GB
2/28/2024 18:05,78%,17%,6144 MiB,1801 MiB,4270 MiB,46.89 W,58 C,31.2207 GB,4.14062 GB,6.83398 GB,20.2451 GB,22.7881 GB
2/28/2024 18:05,81%,16%,6144 MiB,1801 MiB,4270 MiB,60.99 W,59 C,31.2207 GB,4.13379 GB,6.84082 GB,20.2451 GB,22.7959 GB
2/28/2024 18:05,49%,10%,6144 MiB,1801 MiB,4270 MiB,53.33 W,59 C,31.2207 GB,4.15039 GB,6.82422 GB,20.2451 GB,22.7793 GB
2/28/2024 18:05,59%,10%,6144 MiB,1801 MiB,4270 MiB,74.09 W,60 C,31.2207 GB,4.17188 GB,6.80371 GB,20.2451 GB,22.7578 GB
2/28/2024 18:05,100%,28%,6144 MiB,1801 MiB,4270 MiB,77.73 W,61 C,31.2207 GB,4.13672 GB,6.83789 GB,20.2451 GB,22.792 GB
2/28/2024 18:05,84%,20%,6144 MiB,1801 MiB,4270 MiB,27.69 W,61 C,31.2207 GB,4.12695 GB,6.84766 GB,20.2451 GB,22.8027 GB
2/28/2024 18:05,13%,8%,6144 MiB,1801 MiB,4270 MiB,27.66 W,60 C,31.2207 GB,4.13184 GB,6.8418 GB,20.2451 GB,22.7969 GB
2/28/2024 18:06,13%,8%,6144 MiB,1801 MiB,4270 MiB,27.54 W,60 C,31.2207 GB,4.14941 GB,6.8252 GB,20.2451 GB,22.7793 GB
2/28/2024 18:06,13%,8%,6144 MiB,1801 MiB,4270 MiB,28.74 W,60 C,31.2207 GB,4.16406 GB,6.81543 GB,20.2402 GB,22.7695 GB
2/28/2024 18:06,3%,2%,6144 MiB,1801 MiB,4270 MiB,27.56 W,60 C,31.2207 GB,4.14453 GB,6.83496 GB,20.2402 GB,22.79 GB
2/28/2024 18:06,13%,8%,6144 MiB,1801 MiB,4270 MiB,27.54 W,60 C,31.2207 GB,4.14844 GB,6.83105 GB,20.2402 GB,22.7861 GB
2/28/2024 18:06,4%,2%,6144 MiB,1801 MiB,4270 MiB,32.81 W,60 C,31.2207 GB,4.13965 GB,6.83984 GB,20.2402 GB,22.7949 GB
2/28/2024 18:06,13%,8%,6144 MiB,1801 MiB,4270 MiB,27.69 W,60 C,31.2207 GB,4.14258 GB,6.83691 GB,20.2402 GB,22.792 GB
2/28/2024 18:06,13%,8%,6144 MiB,1801 MiB,4270 MiB,42.08 W,61 C,31.2207 GB,4.15039 GB,6.83008 GB,20.2402 GB,22.7842 GB
2/28/2024 18:06,8%,4%,6144 MiB,1801 MiB,4270 MiB,27.67 W,60 C,31.2207 GB,4.13574 GB,6.84375 GB,20.2402 GB,22.7988 GB
2/28/2024 18:06,13%,8%,6144 MiB,1801 MiB,4270 MiB,27.70 W,61 C,31.2207 GB,4.14062 GB,6.83887 GB,20.2402 GB,22.7939 GB
2/28/2024 18:06,13%,8%,6144 MiB,1801 MiB,4270 MiB,33.84 W,61 C,31.2207 GB,4.1416 GB,6.83789 GB,20.2402 GB,22.793 GB
2/28/2024 18:06,13%,8%,6144 MiB,1801 MiB,4270 MiB,49.29 W,61 C,31.2207 GB,4.14453 GB,6.83496 GB,20.2402 GB,22.79 GB
2/28/2024 18:06,13%,8%,6144 MiB,1801 MiB,4270 MiB,29.03 W,61 C,31.2207 GB,4.15137 GB,6.82812 GB,20.2402 GB,22.7832 GB
2/28/2024 18:06,13%,8%,6144 MiB,1801 MiB,4270 MiB,27.68 W,61 C,31.2207 GB,4.1543 GB,6.8252 GB,20.2402 GB,22.7803 GB
2/28/2024 18:06,13%,8%,6144 MiB,1801 MiB,4270 MiB,62.17 W,61 C,31.2207 GB,4.15137 GB,6.82812 GB,20.2402 GB,22.7832 GB
2/28/2024 18:06,6%,4%,6144 MiB,1801 MiB,4270 MiB,27.94 W,61 C,31.2207 GB,4.16504 GB,6.81445 GB,20.2402 GB,22.7695 GB
2/28/2024 18:06,5%,3%,6144 MiB,1801 MiB,4270 MiB,27.70 W,61 C,31.2207 GB,4.16602 GB,6.81348 GB,20.2402 GB,22.7686 GB
2/28/2024 18:06,13%,8%,6144 MiB,1801 MiB,4270 MiB,43.29 W,62 C,31.2207 GB,4.13965 GB,6.83984 GB,20.2402 GB,22.7949 GB
2/28/2024 18:06,13%,8%,6144 MiB,1801 MiB,4270 MiB,28.09 W,62 C,31.2207 GB,4.13086 GB,6.84961 GB,20.2402 GB,22.8037 GB
2/28/2024 18:06,13%,8%,6144 MiB,1801 MiB,4270 MiB,27.70 W,62 C,31.2207 GB,4.14551 GB,6.83398 GB,20.2402 GB,22.7881 GB
2/28/2024 18:06,13%,8%,6144 MiB,1801 MiB,4270 MiB,50.69 W,62 C,31.2207 GB,4.14648 GB,6.83301 GB,20.2402 GB,22.7881 GB
2/28/2024 18:06,13%,8%,6144 MiB,1801 MiB,4270 MiB,27.94 W,62 C,31.2207 GB,4.16113 GB,6.81836 GB,20.2402 GB,22.7734 GB
2/28/2024 18:06,13%,8%,6144 MiB,1801 MiB,4270 MiB,27.86 W,62 C,31.2207 GB,4.15234 GB,6.82715 GB,20.2402 GB,22.7822 GB
2/28/2024 18:06,13%,8%,6144 MiB,1801 MiB,4270 MiB,62.94 W,62 C,31.2207 GB,4.14551 GB,6.83398 GB,20.2402 GB,22.7891 GB
2/28/2024 18:06,13%,8%,6144 MiB,1801 MiB,4270 MiB,27.85 W,62 C,31.2207 GB,4.15332 GB,6.82617 GB,20.2402 GB,22.7812 GB
2/28/2024 18:06,13%,8%,6144 MiB,1801 MiB,4270 MiB,29.50 W,63 C,31.2207 GB,4.13672 GB,6.84277 GB,20.2402 GB,22.7969 GB
2/28/2024 18:06,13%,8%,6144 MiB,1801 MiB,4270 MiB,27.82 W,63 C,31.2207 GB,4.14258 GB,6.83691 GB,20.2402 GB,22.791 GB
2/28/2024 18:06,13%,8%,6144 MiB,1801 MiB,4270 MiB,27.87 W,63 C,31.2207 GB,4.16699 GB,6.8125 GB,20.2402 GB,22.7666 GB
2/28/2024 18:06,13%,8%,6144 MiB,1801 MiB,4270 MiB,27.81 W,63 C,31.2207 GB,4.17188 GB,6.80762 GB,20.2402 GB,22.7627 GB
2/28/2024 18:06,13%,8%,6144 MiB,1801 MiB,4270 MiB,31.28 W,63 C,31.2207 GB,4.18652 GB,6.79297 GB,20.2402 GB,22.748 GB
2/28/2024 18:06,15%,8%,6144 MiB,1801 MiB,4270 MiB,25.18 W,63 C,31.2207 GB,4.17871 GB,6.80078 GB,20.2402 GB,22.7549 GB
2/28/2024 18:06,15%,8%,6144 MiB,1801 MiB,4270 MiB,24.88 W,63 C,31.2207 GB,4.18262 GB,6.79688 GB,20.2402 GB,22.752 GB
2/28/2024 18:06,2%,1%,6144 MiB,1801 MiB,4270 MiB,25.02 W,63 C,31.2207 GB,4.19043 GB,6.78906 GB,20.2402 GB,22.7441 GB
2/28/2024 18:06,0%,0%,6144 MiB,1801 MiB,4270 MiB,24.87 W,63 C,31.2207 GB,4.18359 GB,6.7959 GB,20.2402 GB,22.751 GB
2/28/2024 18:06,15%,8%,6144 MiB,1801 MiB,4270 MiB,25.02 W,63 C,31.2207 GB,4.17773 GB,6.80176 GB,20.2402 GB,22.7559 GB
2/28/2024 18:06,15%,8%,6144 MiB,1801 MiB,4270 MiB,24.87 W,63 C,31.2207 GB,4.16797 GB,6.81152 GB,20.2402 GB,22.7666 GB
2/28/2024 18:06,15%,8%,6144 MiB,1801 MiB,4270 MiB,24.88 W,63 C,31.2207 GB,4.1543 GB,6.8252 GB,20.2402 GB,22.7803 GB
2/28/2024 18:06,15%,8%,6144 MiB,1801 MiB,4270 MiB,32.30 W,63 C,31.2207 GB,4.16406 GB,6.81543 GB,20.2402 GB,22.7705 GB
2/28/2024 18:06,15%,8%,6144 MiB,1801 MiB,4270 MiB,27.89 W,63 C,31.2207 GB,4.17773 GB,6.80176 GB,20.2402 GB,22.7559 GB
2/28/2024 18:06,15%,8%,6144 MiB,1801 MiB,4270 MiB,25.33 W,63 C,31.2207 GB,4.17578 GB,6.80371 GB,20.2402 GB,22.7588 GB
2/28/2024 18:06,15%,8%,6144 MiB,1801 MiB,4270 MiB,38.35 W,63 C,31.2207 GB,4.18066 GB,6.79883 GB,20.2402 GB,22.7529 GB
2/28/2024 18:06,15%,8%,6144 MiB,1801 MiB,4270 MiB,25.92 W,63 C,31.2207 GB,4.16602 GB,6.81348 GB,20.2402 GB,22.7686 GB
2/28/2024 18:06,15%,8%,6144 MiB,1801 MiB,4270 MiB,25.02 W,63 C,31.2207 GB,4.16699 GB,6.8125 GB,20.2402 GB,22.7676 GB
2/28/2024 18:06,15%,8%,6144 MiB,1801 MiB,4270 MiB,24.87 W,63 C,31.2207 GB,4.17578 GB,6.80371 GB,20.2402 GB,22.7588 GB
2/28/2024 18:06,15%,8%,6144 MiB,1801 MiB,4270 MiB,24.88 W,63 C,31.2207 GB,4.17773 GB,6.80078 GB,20.2402 GB,22.7559 GB
2/28/2024 18:06,15%,8%,6144 MiB,1801 MiB,4270 MiB,46.73 W,63 C,31.2207 GB,4.17188 GB,6.80762 GB,20.2402 GB,22.7617 GB
2/28/2024 18:06,15%,8%,6144 MiB,1801 MiB,4270 MiB,25.48 W,63 C,31.2207 GB,4.17578 GB,6.80371 GB,20.2402 GB,22.7588 GB
2/28/2024 18:06,15%,8%,6144 MiB,1801 MiB,4270 MiB,24.88 W,63 C,31.2207 GB,4.18555 GB,6.79395 GB,20.2402 GB,22.748 GB
2/28/2024 18:06,15%,8%,6144 MiB,1801 MiB,4270 MiB,25.03 W,63 C,31.2207 GB,4.16699 GB,6.8125 GB,20.2402 GB,22.7676 GB
2/28/2024 18:06,6%,3%,6144 MiB,1801 MiB,4270 MiB,25.20 W,63 C,31.2207 GB,4.16504 GB,6.81445 GB,20.2402 GB,22.7695 GB
2/28/2024 18:06,15%,8%,6144 MiB,1801 MiB,4270 MiB,25.05 W,63 C,31.2207 GB,4.15918 GB,6.82031 GB,20.2402 GB,22.7754 GB
2/28/2024 18:06,15%,8%,6144 MiB,1801 MiB,4270 MiB,25.02 W,63 C,31.2207 GB,4.16895 GB,6.81055 GB,20.2402 GB,22.7656 GB
2/28/2024 18:06,12%,7%,6144 MiB,1801 MiB,4270 MiB,25.02 W,63 C,31.2207 GB,4.16309 GB,6.81641 GB,20.2402 GB,22.7715 GB
2/28/2024 18:06,13%,7%,6144 MiB,1801 MiB,4270 MiB,24.88 W,64 C,31.2207 GB,4.16211 GB,6.81738 GB,20.2402 GB,22.7715 GB
2/28/2024 18:06,5%,2%,6144 MiB,1801 MiB,4270 MiB,24.89 W,63 C,31.2207 GB,4.17285 GB,6.80664 GB,20.2402 GB,22.7617 GB
2/28/2024 18:06,15%,8%,6144 MiB,1801 MiB,4270 MiB,25.02 W,64 C,31.2207 GB,4.16211 GB,6.81641 GB,20.2402 GB,22.7715 GB
2/28/2024 18:06,15%,8%,6144 MiB,1801 MiB,4270 MiB,24.88 W,64 C,31.2207 GB,4.17383 GB,6.80566 GB,20.2402 GB,22.7607 GB
2/28/2024 18:06,15%,8%,6144 MiB,1801 MiB,4270 MiB,25.03 W,64 C,31.2207 GB,4.16699 GB,6.8125 GB,20.2402 GB,22.7676 GB
2/28/2024 18:06,15%,8%,6144 MiB,1801 MiB,4270 MiB,26.80 W,64 C,31.2207 GB,4.18457 GB,6.79492 GB,20.2402 GB,22.749 GB
2/28/2024 18:07,15%,8%,6144 MiB,1801 MiB,4270 MiB,24.88 W,64 C,31.2207 GB,4.18359 GB,6.7959 GB,20.2402 GB,22.751 GB
2/28/2024 18:07,15%,8%,6144 MiB,1801 MiB,4270 MiB,32.71 W,64 C,31.2207 GB,4.1709 GB,6.80762 GB,20.2402 GB,22.7627 GB
2/28/2024 18:07,15%,8%,6144 MiB,1801 MiB,4270 MiB,34.26 W,64 C,31.2207 GB,4.16211 GB,6.81738 GB,20.2402 GB,22.7715 GB
2/28/2024 18:07,15%,8%,6144 MiB,1801 MiB,4270 MiB,25.17 W,64 C,31.2207 GB,4.1748 GB,6.80371 GB,20.2402 GB,22.7588 GB
2/28/2024 18:07,6%,3%,6144 MiB,1801 MiB,4270 MiB,52.32 W,64 C,31.2207 GB,4.16309 GB,6.81641 GB,20.2402 GB,22.7715 GB
2/28/2024 18:07,15%,8%,6144 MiB,1801 MiB,4270 MiB,47.60 W,64 C,31.2207 GB,4.1543 GB,6.8252 GB,20.2402 GB,22.7793 GB
2/28/2024 18:07,12%,7%,6144 MiB,1801 MiB,4270 MiB,26.84 W,64 C,31.2207 GB,4.16016 GB,6.81836 GB,20.2402 GB,22.7734 GB
2/28/2024 18:07,15%,8%,6144 MiB,1801 MiB,4270 MiB,31.31 W,64 C,31.2207 GB,4.17383 GB,6.80566 GB,20.2402 GB,22.7607 GB
2/28/2024 18:07,15%,8%,6144 MiB,1801 MiB,4270 MiB,27.68 W,64 C,31.2207 GB,4.18066 GB,6.79883 GB,20.2402 GB,22.7539 GB
2/28/2024 18:07,0%,0%,6144 MiB,1801 MiB,4270 MiB,49.41 W,64 C,31.2207 GB,4.18457 GB,6.79395 GB,20.2402 GB,22.749 GB
2/28/2024 18:07,15%,8%,6144 MiB,1801 MiB,4270 MiB,37.22 W,64 C,31.2207 GB,4.16895 GB,6.81055 GB,20.2402 GB,22.7646 GB
2/28/2024 18:07,15%,8%,6144 MiB,1801 MiB,4270 MiB,42.79 W,64 C,31.2207 GB,4.15039 GB,6.82812 GB,20.2402 GB,22.7832 GB
2/28/2024 18:07,15%,8%,6144 MiB,1801 MiB,4270 MiB,47.95 W,64 C,31.2207 GB,4.15625 GB,6.82324 GB,20.2402 GB,22.7783 GB
2/28/2024 18:07,15%,8%,6144 MiB,1801 MiB,4270 MiB,37.74 W,64 C,31.2207 GB,4.13672 GB,6.84277 GB,20.2402 GB,22.7979 GB
2/28/2024 18:07,9%,5%,6144 MiB,1801 MiB,4270 MiB,46.74 W,64 C,31.2207 GB,4.15723 GB,6.82227 GB,20.2402 GB,22.7773 GB
2/28/2024 18:07,15%,8%,6144 MiB,1801 MiB,4270 MiB,34.05 W,64 C,31.2207 GB,4.1543 GB,6.8252 GB,20.2402 GB,22.7793 GB
2/28/2024 18:07,15%,8%,6144 MiB,1801 MiB,4270 MiB,25.05 W,64 C,31.2207 GB,4.16602 GB,6.81348 GB,20.2402 GB,22.7686 GB
2/28/2024 18:07,15%,8%,6144 MiB,1801 MiB,4270 MiB,25.02 W,64 C,31.2207 GB,4.17188 GB,6.80762 GB,20.2402 GB,22.7617 GB
2/28/2024 18:07,12%,6%,6144 MiB,1801 MiB,4270 MiB,25.02 W,64 C,31.2207 GB,4.18164 GB,6.79785 GB,20.2402 GB,22.752 GB
2/28/2024 18:07,15%,8%,6144 MiB,1801 MiB,4270 MiB,25.02 W,64 C,31.2207 GB,4.19629 GB,6.78223 GB,20.2402 GB,22.7373 GB
2/28/2024 18:07,15%,8%,6144 MiB,1801 MiB,4270 MiB,25.03 W,64 C,31.2207 GB,4.18066 GB,6.79883 GB,20.2402 GB,22.7529 GB
2/28/2024 18:07,15%,8%,6144 MiB,1801 MiB,4270 MiB,25.03 W,64 C,31.2207 GB,4.17578 GB,6.80371 GB,20.2402 GB,22.7578 GB
2/28/2024 18:07,5%,3%,6144 MiB,1801 MiB,4270 MiB,25.01 W,64 C,31.2207 GB,4.16113 GB,6.81738 GB,20.2402 GB,22.7725 GB
2/28/2024 18:07,15%,8%,6144 MiB,1801 MiB,4270 MiB,25.02 W,65 C,31.2207 GB,4.16992 GB,6.80957 GB,20.2402 GB,22.7646 GB
2/28/2024 18:07,15%,8%,6144 MiB,1801 MiB,4270 MiB,25.01 W,64 C,31.2207 GB,4.16895 GB,6.81055 GB,20.2402 GB,22.7656 GB
2/28/2024 18:07,15%,8%,6144 MiB,1801 MiB,4270 MiB,37.15 W,64 C,31.2207 GB,4.18555 GB,6.79395 GB,20.2402 GB,22.749 GB
2/28/2024 18:07,15%,8%,6144 MiB,1801 MiB,4270 MiB,49.35 W,65 C,31.2207 GB,4.17969 GB,6.7998 GB,20.2402 GB,22.7549 GB
2/28/2024 18:07,15%,8%,6144 MiB,1801 MiB,4270 MiB,25.03 W,65 C,31.2207 GB,4.17969 GB,6.7998 GB,20.2402 GB,22.7549 GB
2/28/2024 18:07,15%,8%,6144 MiB,1801 MiB,4270 MiB,25.02 W,65 C,31.2207 GB,4.17969 GB,6.7998 GB,20.2402 GB,22.7539 GB
2/28/2024 18:07,15%,8%,6144 MiB,1801 MiB,4270 MiB,25.01 W,65 C,31.2207 GB,4.1748 GB,6.80469 GB,20.2402 GB,22.7598 GB
2/28/2024 18:07,2%,1%,6144 MiB,1801 MiB,4270 MiB,25.01 W,65 C,31.2207 GB,4.16602 GB,6.81348 GB,20.2402 GB,22.7676 GB
2/28/2024 18:07,15%,8%,6144 MiB,1801 MiB,4270 MiB,25.04 W,65 C,31.2207 GB,4.1748 GB,6.80469 GB,20.2402 GB,22.7598 GB
2/28/2024 18:07,15%,8%,6144 MiB,1801 MiB,4270 MiB,25.01 W,65 C,31.2207 GB,4.16602 GB,6.8125 GB,20.2402 GB,22.7676 GB
2/28/2024 18:07,10%,5%,6144 MiB,1801 MiB,4270 MiB,25.02 W,65 C,31.2207 GB,4.16016 GB,6.81934 GB,20.2402 GB,22.7744 GB
2/28/2024 18:07,13%,7%,6144 MiB,1801 MiB,4270 MiB,25.02 W,65 C,31.2207 GB,4.16504 GB,6.81348 GB,20.2402 GB,22.7686 GB
2/28/2024 18:07,15%,8%,6144 MiB,1801 MiB,4270 MiB,27.44 W,65 C,31.2207 GB,4.17285 GB,6.80664 GB,20.2402 GB,22.7617 GB
2/28/2024 18:07,15%,8%,6144 MiB,1801 MiB,4270 MiB,49.46 W,65 C,31.2207 GB,4.17773 GB,6.80176 GB,20.2402 GB,22.7568 GB
2/28/2024 18:07,15%,8%,6144 MiB,1801 MiB,4270 MiB,25.00 W,65 C,31.2207 GB,4.18848 GB,6.79102 GB,20.2402 GB,22.7461 GB
2/28/2024 18:07,0%,0%,6144 MiB,1801 MiB,4270 MiB,25.05 W,65 C,31.2207 GB,4.16602 GB,6.8125 GB,20.2402 GB,22.7676 GB
2/28/2024 18:07,15%,8%,6144 MiB,1801 MiB,4270 MiB,25.18 W,65 C,31.2207 GB,4.16602 GB,6.81348 GB,20.2402 GB,22.7676 GB
2/28/2024 18:07,0%,0%,6144 MiB,1801 MiB,4270 MiB,32.33 W,65 C,31.2207 GB,4.16895 GB,6.80957 GB,20.2402 GB,22.7646 GB
2/28/2024 18:07,11%,6%,6144 MiB,1801 MiB,4270 MiB,50.58 W,65 C,31.2207 GB,4.15527 GB,6.82422 GB,20.2402 GB,22.7793 GB
2/28/2024 18:07,15%,8%,6144 MiB,1801 MiB,4270 MiB,25.03 W,65 C,31.2207 GB,4.1748 GB,6.80469 GB,20.2402 GB,22.7598 GB
2/28/2024 18:07,15%,8%,6144 MiB,1801 MiB,4270 MiB,25.16 W,65 C,31.2207 GB,4.1748 GB,6.80469 GB,20.2402 GB,22.7598 GB
2/28/2024 18:07,3%,1%,6144 MiB,1801 MiB,4270 MiB,31.62 W,65 C,31.2207 GB,4.17578 GB,6.80371 GB,20.2402 GB,22.7588 GB
2/28/2024 18:07,16%,8%,6144 MiB,1801 MiB,4270 MiB,38.21 W,65 C,31.2207 GB,4.17285 GB,6.80664 GB,20.2402 GB,22.7607 GB
2/28/2024 18:07,15%,8%,6144 MiB,1801 MiB,4270 MiB,25.02 W,65 C,31.2207 GB,4.1709 GB,6.80859 GB,20.2402 GB,22.7637 GB
2/28/2024 18:07,6%,3%,6144 MiB,1801 MiB,4270 MiB,25.03 W,65 C,31.2207 GB,4.1709 GB,6.80762 GB,20.2402 GB,22.7627 GB
2/28/2024 18:07,15%,8%,6144 MiB,1801 MiB,4270 MiB,25.03 W,65 C,31.2207 GB,4.18457 GB,6.79395 GB,20.2402 GB,22.749 GB
2/28/2024 18:07,16%,8%,6144 MiB,1801 MiB,4270 MiB,25.18 W,65 C,31.2207 GB,4.16797 GB,6.81055 GB,20.2402 GB,22.7656 GB
2/28/2024 18:07,9%,5%,6144 MiB,1801 MiB,4270 MiB,25.17 W,65 C,31.2207 GB,4.17676 GB,6.80273 GB,20.2402 GB,22.7578 GB
2/28/2024 18:07,16%,8%,6144 MiB,1801 MiB,4270 MiB,43.35 W,65 C,31.2207 GB,4.16406 GB,6.81445 GB,20.2402 GB,22.7695 GB
2/28/2024 18:07,11%,6%,6144 MiB,1801 MiB,4270 MiB,25.18 W,65 C,31.2207 GB,4.17285 GB,6.80664 GB,20.2402 GB,22.7617 GB
2/28/2024 18:07,16%,8%,6144 MiB,1801 MiB,4270 MiB,25.17 W,65 C,31.2207 GB,4.18262 GB,6.7959 GB,20.2402 GB,22.751 GB
2/28/2024 18:07,2%,1%,6144 MiB,1801 MiB,4270 MiB,25.17 W,65 C,31.2207 GB,4.17188 GB,6.80664 GB,20.2402 GB,22.7617 GB
2/28/2024 18:07,16%,8%,6144 MiB,1801 MiB,4270 MiB,26.71 W,65 C,31.2207 GB,4.16016 GB,6.81934 GB,20.2402 GB,22.7744 GB
2/28/2024 18:07,16%,8%,6144 MiB,1801 MiB,4270 MiB,25.18 W,65 C,31.2207 GB,4.16602 GB,6.81348 GB,20.2402 GB,22.7686 GB
2/28/2024 18:08,16%,8%,6144 MiB,1801 MiB,4270 MiB,25.17 W,65 C,31.2207 GB,4.16016 GB,6.81934 GB,20.2402 GB,22.7744 GB
2/28/2024 18:08,15%,8%,6144 MiB,1801 MiB,4270 MiB,25.02 W,65 C,31.2207 GB,4.1543 GB,6.82422 GB,20.2402 GB,22.7793 GB
2/28/2024 18:08,16%,8%,6144 MiB,1801 MiB,4270 MiB,38.09 W,66 C,31.2207 GB,4.14746 GB,6.83203 GB,20.2402 GB,22.7861 GB
2/28/2024 18:08,7%,4%,6144 MiB,1801 MiB,4270 MiB,25.16 W,66 C,31.2207 GB,4.15137 GB,6.82812 GB,20.2402 GB,22.7832 GB
2/28/2024 18:08,16%,8%,6144 MiB,1801 MiB,4270 MiB,25.16 W,66 C,31.2207 GB,4.16699 GB,6.81152 GB,20.2402 GB,22.7666 GB
2/28/2024 18:08,16%,8%,6144 MiB,1801 MiB,4270 MiB,25.17 W,66 C,31.2207 GB,4.16992 GB,6.80957 GB,20.2402 GB,22.7646 GB
2/28/2024 18:08,8%,4%,6144 MiB,1801 MiB,4270 MiB,25.17 W,66 C,31.2207 GB,4.15234 GB,6.82617 GB,20.2402 GB,22.7812 GB
2/28/2024 18:08,16%,8%,6144 MiB,1801 MiB,4270 MiB,25.61 W,66 C,31.2207 GB,4.13965 GB,6.83984 GB,20.2402 GB,22.7939 GB
2/28/2024 18:08,0%,0%,6144 MiB,1801 MiB,4270 MiB,51.39 W,66 C,31.2207 GB,4.15332 GB,6.82617 GB,20.2402 GB,22.7812 GB
2/28/2024 18:08,9%,5%,6144 MiB,1801 MiB,4270 MiB,25.18 W,66 C,31.2207 GB,4.14551 GB,6.83398 GB,20.2402 GB,22.7891 GB
2/28/2024 18:08,16%,8%,6144 MiB,1801 MiB,4270 MiB,27.55 W,66 C,31.2207 GB,4.15137 GB,6.82812 GB,20.2402 GB,22.7822 GB
2/28/2024 18:08,0%,0%,6144 MiB,1801 MiB,4270 MiB,45.85 W,66 C,31.2207 GB,4.1543 GB,6.8252 GB,20.2412 GB,22.7803 GB
2/28/2024 18:08,0%,0%,6144 MiB,3599 MiB,2472 MiB,26.83 W,66 C,31.2207 GB,4.1123 GB,8.55664 GB,18.5508 GB,24.5078 GB
